,id,link
0,R8eFySk4,data/raw/videos/R8eFySk4.mp4
1,I3OdhHne,data/raw/videos/I3OdhHne.mp4
2,98l8KpqV,data/raw/videos/98l8KpqV.mp4
3,6MFubdNK,data/raw/videos/6MFubdNK.mp4
4,W0BHMtXT,data/raw/videos/W0BHMtXT.mp4
5,MVZpHgro,data/raw/videos/MVZpHgro.mp4
6,Cw8bz9tw,data/raw/videos/Cw8bz9tw.mp4
7,s5WeVta1,data/raw/videos/s5WeVta1.mp4
8,QLZHPS8I,data/raw/videos/QLZHPS8I.mp4
9,zGObVmrM,data/raw/videos/zGObVmrM.mp4
10,PJ2s4y3i,data/raw/videos/PJ2s4y3i.mp4
11,osrCJbfp,data/raw/videos/osrCJbfp.mp4
12,RhRnfeBp,data/raw/videos/RhRnfeBp.mp4
13,TQyNNoOf,data/raw/videos/TQyNNoOf.mp4
14,a59COYtO,data/raw/videos/a59COYtO.mp4
15,arPGgOEf,data/raw/videos/arPGgOEf.mp4
16,hKEWIYx3,data/raw/videos/hKEWIYx3.mp4
17,g9WGBFnV,data/raw/videos/g9WGBFnV.mp4
18,nkcnBgOa,data/raw/videos/nkcnBgOa.mp4
19,1G4rSy98,data/raw/videos/1G4rSy98.mp4
20,nvvWjNuQ,data/raw/videos/nvvWjNuQ.mp4
21,MeABXs62,data/raw/videos/MeABXs62.mp4
22,4b23aG2i,data/raw/videos/4b23aG2i.mp4
23,vxlC5KaR,data/raw/videos/vxlC5KaR.mp4
24,XVvERXzh,data/raw/videos/XVvERXzh.mp4
25,kbOfCieZ,data/raw/videos/kbOfCieZ.mp4
26,5k0NQN5p,data/raw/videos/5k0NQN5p.mp4
27,1y68rPwI,data/raw/videos/1y68rPwI.mp4
28,odbnl461,data/raw/videos/odbnl461.mp4
29,ZbuDvcLk,data/raw/videos/ZbuDvcLk.mp4
30,cr0mCZNx,data/raw/videos/cr0mCZNx.mp4
31,ESzlIzyO,data/raw/videos/ESzlIzyO.mp4
32,iqQ28Zc4,data/raw/videos/iqQ28Zc4.mp4
33,obDMup1i,data/raw/videos/obDMup1i.mp4
34,ePyMog6n,data/raw/videos/ePyMog6n.mp4
35,PhCyuRvo,data/raw/videos/PhCyuRvo.mp4
36,UZ9Vsj7D,data/raw/videos/UZ9Vsj7D.mp4
37,EzIx57IR,data/raw/videos/EzIx57IR.mp4
38,gXhE9VUw,data/raw/videos/gXhE9VUw.mp4
39,1ovgasC1,data/raw/videos/1ovgasC1.mp4
40,SeLh3ENk,data/raw/videos/SeLh3ENk.mp4
41,Ytlu6T69,data/raw/videos/Ytlu6T69.mp4
42,ut7ckdyI,data/raw/videos/ut7ckdyI.mp4
43,en9ir5DJ,data/raw/videos/en9ir5DJ.mp4
44,EL0qvt0M,data/raw/videos/EL0qvt0M.mp4
45,M0sPVbHP,data/raw/videos/M0sPVbHP.mp4
46,WxIscnh0,data/raw/videos/WxIscnh0.mp4
47,C5W4TIo7,data/raw/videos/C5W4TIo7.mp4
48,pHIS8pPt,data/raw/videos/pHIS8pPt.mp4
49,f8iKrVUp,data/raw/videos/f8iKrVUp.mp4
50,we9IrnZq,data/raw/videos/we9IrnZq.mp4
51,gO7Cpt1X,data/raw/videos/gO7Cpt1X.mp4
52,4dh5A2nv,data/raw/videos/4dh5A2nv.mp4
53,fd7pMJua,data/raw/videos/fd7pMJua.mp4
54,z8FFpnMp,data/raw/videos/z8FFpnMp.mp4
55,pmYdj2Zc,data/raw/videos/pmYdj2Zc.mp4
56,iJsDlll8,data/raw/videos/iJsDlll8.mp4
57,YJWapbq3,data/raw/videos/YJWapbq3.mp4
58,MSYVAPeM,data/raw/videos/MSYVAPeM.mp4
59,15IPa5iS,data/raw/videos/15IPa5iS.mp4
60,P5wlKd0H,data/raw/videos/P5wlKd0H.mp4
61,scqtqhQi,data/raw/videos/scqtqhQi.mp4
62,2geyDTFU,data/raw/videos/2geyDTFU.mp4
63,F6PuVthQ,data/raw/videos/F6PuVthQ.mp4
64,kGiGTaIW,data/raw/videos/kGiGTaIW.mp4
65,bYuhoS4X,data/raw/videos/bYuhoS4X.mp4
66,lxLc4Sek,data/raw/videos/lxLc4Sek.mp4
67,3V48Be8p,data/raw/videos/3V48Be8p.mp4
68,erdKOQ7X,data/raw/videos/erdKOQ7X.mp4
69,pA5ISzHH,data/raw/videos/pA5ISzHH.mp4
70,CvpdKx9g,data/raw/videos/CvpdKx9g.mp4
71,8elUiJYv,data/raw/videos/8elUiJYv.mp4
72,IpAvcDzr,data/raw/videos/IpAvcDzr.mp4
73,VPAqPZQI,data/raw/videos/VPAqPZQI.mp4
74,5illwZ0w,data/raw/videos/5illwZ0w.mp4
75,qUI9PiJS,data/raw/videos/qUI9PiJS.mp4
76,x6NSfgSJ,data/raw/videos/x6NSfgSJ.mp4
77,mMfeNBCP,data/raw/videos/mMfeNBCP.mp4
78,QNEd2eGX,data/raw/videos/QNEd2eGX.mp4
79,bOX5dXn8,data/raw/videos/bOX5dXn8.mp4
80,bqTsXpKl,data/raw/videos/bqTsXpKl.mp4
81,NCmOpQMW,data/raw/videos/NCmOpQMW.mp4
82,gkyOGI21,data/raw/videos/gkyOGI21.mp4
83,q8FyLMSn,data/raw/videos/q8FyLMSn.mp4
84,uSnrgTDe,data/raw/videos/uSnrgTDe.mp4
85,nqtTzjoP,data/raw/videos/nqtTzjoP.mp4
86,eOBg4mwH,data/raw/videos/eOBg4mwH.mp4
87,tFSyXitq,data/raw/videos/tFSyXitq.mp4
88,GESYi2xq,data/raw/videos/GESYi2xq.mp4
89,hsX5kAeZ,data/raw/videos/hsX5kAeZ.mp4
90,Qk66Dk9d,data/raw/videos/Qk66Dk9d.mp4
91,NCK9pYwX,data/raw/videos/NCK9pYwX.mp4
92,mgKwPHtm,data/raw/videos/mgKwPHtm.mp4
93,xEIsrkiR,data/raw/videos/xEIsrkiR.mp4
94,hxJw9Wjr,data/raw/videos/hxJw9Wjr.mp4
95,Kc2t70BJ,data/raw/videos/Kc2t70BJ.mp4
96,xWZi5URn,data/raw/videos/xWZi5URn.mp4
97,j3iTbhie,data/raw/videos/j3iTbhie.mp4
98,bePyG1Du,data/raw/videos/bePyG1Du.mp4
99,3nkxadKi,data/raw/videos/3nkxadKi.mp4
100,h08bvb14,data/raw/videos/h08bvb14.mp4
101,AVXJQX9B,data/raw/videos/AVXJQX9B.mp4
102,zSWVNAon,data/raw/videos/zSWVNAon.mp4
103,ogsPBgBT,data/raw/videos/ogsPBgBT.mp4
104,1O18MObh,data/raw/videos/1O18MObh.mp4
105,5y8S8nC6,data/raw/videos/5y8S8nC6.mp4
106,GLKexPjc,data/raw/videos/GLKexPjc.mp4
107,knng8zJ7,data/raw/videos/knng8zJ7.mp4
108,18Ojgzwr,data/raw/videos/18Ojgzwr.mp4
109,Dkjr9F7k,data/raw/videos/Dkjr9F7k.mp4
110,GWB9Uvrb,data/raw/videos/GWB9Uvrb.mp4
111,ZC5aJTK8,data/raw/videos/ZC5aJTK8.mp4
112,sUlatygS,data/raw/videos/sUlatygS.mp4
113,VPQJGG4D,data/raw/videos/VPQJGG4D.mp4
114,gZry6Nal,data/raw/videos/gZry6Nal.mp4
115,jD5WJNcX,data/raw/videos/jD5WJNcX.mp4
116,fvpJO6dv,data/raw/videos/fvpJO6dv.mp4
117,VKW2KzGC,data/raw/videos/VKW2KzGC.mp4
118,kEC7G8DP,data/raw/videos/kEC7G8DP.mp4
119,FDzVFOBn,data/raw/videos/FDzVFOBn.mp4
120,g2W4FUSb,data/raw/videos/g2W4FUSb.mp4
121,DgMe11y3,data/raw/videos/DgMe11y3.mp4
122,dpphCSNb,data/raw/videos/dpphCSNb.mp4
123,gbNgqUpT,data/raw/videos/gbNgqUpT.mp4
124,oDGL8XpK,data/raw/videos/oDGL8XpK.mp4
125,g1eKN8fK,data/raw/videos/g1eKN8fK.mp4
126,gQS9V6ab,data/raw/videos/gQS9V6ab.mp4
127,3E8qiyD2,data/raw/videos/3E8qiyD2.mp4
128,zbI7ifl8,data/raw/videos/zbI7ifl8.mp4
129,hhg6N9lU,data/raw/videos/hhg6N9lU.mp4
130,EuMyzKCY,data/raw/videos/EuMyzKCY.mp4
131,L2GIBJN1,data/raw/videos/L2GIBJN1.mp4
132,g84PP6lh,data/raw/videos/g84PP6lh.mp4
133,he6ZJvyq,data/raw/videos/he6ZJvyq.mp4
134,DEsySNVw,data/raw/videos/DEsySNVw.mp4
135,yZHRUMz7,data/raw/videos/yZHRUMz7.mp4
136,8CHx7D0i,data/raw/videos/8CHx7D0i.mp4
137,XkrRgefi,data/raw/videos/XkrRgefi.mp4
138,byzUmGWJ,data/raw/videos/byzUmGWJ.mp4
139,iVGPuONf,data/raw/videos/iVGPuONf.mp4
140,ULS1fTmQ,data/raw/videos/ULS1fTmQ.mp4
141,nyRH10Bw,data/raw/videos/nyRH10Bw.mp4
142,yXxNEYJT,data/raw/videos/yXxNEYJT.mp4
143,vLEhUnMj,data/raw/videos/vLEhUnMj.mp4
144,Wyg30nvk,data/raw/videos/Wyg30nvk.mp4
145,sVBFurAm,data/raw/videos/sVBFurAm.mp4
146,OuYG4U64,data/raw/videos/OuYG4U64.mp4
147,nwg8qbmZ,data/raw/videos/nwg8qbmZ.mp4
148,zIDgWdoU,data/raw/videos/zIDgWdoU.mp4
149,YsYVO0J6,data/raw/videos/YsYVO0J6.mp4
150,UpNWCJ9a,data/raw/videos/UpNWCJ9a.mp4
151,i9oVbbz6,data/raw/videos/i9oVbbz6.mp4
152,KyINSk8e,data/raw/videos/KyINSk8e.mp4
153,FsNM5n5s,data/raw/videos/FsNM5n5s.mp4
154,gudwNnwN,data/raw/videos/gudwNnwN.mp4
155,oluI9aqT,data/raw/videos/oluI9aqT.mp4
156,FFnomQTi,data/raw/videos/FFnomQTi.mp4
157,xM4HMws8,data/raw/videos/xM4HMws8.mp4
158,jS1r3uGd,data/raw/videos/jS1r3uGd.mp4
159,EHotqA24,data/raw/videos/EHotqA24.mp4
160,CAMRbQ1K,data/raw/videos/CAMRbQ1K.mp4
161,oE7OaXfV,data/raw/videos/oE7OaXfV.mp4
162,XxnpBqCk,data/raw/videos/XxnpBqCk.mp4
163,GboPBbli,data/raw/videos/GboPBbli.mp4
164,BMBD4fpK,data/raw/videos/BMBD4fpK.mp4
165,zgGJNHuU,data/raw/videos/zgGJNHuU.mp4
166,zvYmZ0SS,data/raw/videos/zvYmZ0SS.mp4
167,y3ET3wKE,data/raw/videos/y3ET3wKE.mp4
168,2SV6hYB2,data/raw/videos/2SV6hYB2.mp4
169,yt2AP5Lo,data/raw/videos/yt2AP5Lo.mp4
170,O21FTG3F,data/raw/videos/O21FTG3F.mp4
171,peruznFM,data/raw/videos/peruznFM.mp4
172,dRN9a0uf,data/raw/videos/dRN9a0uf.mp4
173,uwtiYEpw,data/raw/videos/uwtiYEpw.mp4
174,XG46gE0Y,data/raw/videos/XG46gE0Y.mp4
175,Jz7HcSm7,data/raw/videos/Jz7HcSm7.mp4
176,ZAn8qhAb,data/raw/videos/ZAn8qhAb.mp4
177,ZK2JlJsq,data/raw/videos/ZK2JlJsq.mp4
178,HAKCEJWo,data/raw/videos/HAKCEJWo.mp4
179,b632WDpF,data/raw/videos/b632WDpF.mp4
180,Ycmah3Py,data/raw/videos/Ycmah3Py.mp4
181,LGqwZPty,data/raw/videos/LGqwZPty.mp4
182,ydqOOaks,data/raw/videos/ydqOOaks.mp4
183,nJNrFOAf,data/raw/videos/nJNrFOAf.mp4
184,fLfdcR9Z,data/raw/videos/fLfdcR9Z.mp4
185,kHl7BBo3,data/raw/videos/kHl7BBo3.mp4
186,3sWbPSJv,data/raw/videos/3sWbPSJv.mp4
187,RyeFHRQj,data/raw/videos/RyeFHRQj.mp4
188,zkO4XPXQ,data/raw/videos/zkO4XPXQ.mp4
189,6PBhAWnI,data/raw/videos/6PBhAWnI.mp4
190,wQKnlZmx,data/raw/videos/wQKnlZmx.mp4
191,oSFbRH4g,data/raw/videos/oSFbRH4g.mp4
192,ki0h6Zdb,data/raw/videos/ki0h6Zdb.mp4
193,nM7tQcBS,data/raw/videos/nM7tQcBS.mp4
194,MfzjZe52,data/raw/videos/MfzjZe52.mp4
195,PVhE1xsN,data/raw/videos/PVhE1xsN.mp4
196,H1SDVD0X,data/raw/videos/H1SDVD0X.mp4
197,8dLqK0KT,data/raw/videos/8dLqK0KT.mp4
198,pL2bL6bG,data/raw/videos/pL2bL6bG.mp4
199,JNh9mTC7,data/raw/videos/JNh9mTC7.mp4
200,mYXJQupd,data/raw/videos/mYXJQupd.mp4
201,x77WJ10Q,data/raw/videos/x77WJ10Q.mp4
202,DmezZ8gC,data/raw/videos/DmezZ8gC.mp4
203,icUtiB0b,data/raw/videos/icUtiB0b.mp4
204,qpxWRSOP,data/raw/videos/qpxWRSOP.mp4
205,Di0gPE0H,data/raw/videos/Di0gPE0H.mp4
206,FDrWmipp,data/raw/videos/FDrWmipp.mp4
207,VEBURFuk,data/raw/videos/VEBURFuk.mp4
208,iZF84FWQ,data/raw/videos/iZF84FWQ.mp4
209,AA9IzAL1,data/raw/videos/AA9IzAL1.mp4
210,KmpRQuJD,data/raw/videos/KmpRQuJD.mp4
211,d4F5xQy9,data/raw/videos/d4F5xQy9.mp4
212,N6l5Ci6H,data/raw/videos/N6l5Ci6H.mp4
213,ztKJoXiw,data/raw/videos/ztKJoXiw.mp4
214,XbdRrkxS,data/raw/videos/XbdRrkxS.mp4
215,k3YTjMU4,data/raw/videos/k3YTjMU4.mp4
216,w2e3O8Lh,data/raw/videos/w2e3O8Lh.mp4
217,v8Q5mj77,data/raw/videos/v8Q5mj77.mp4
218,bFIh8shd,data/raw/videos/bFIh8shd.mp4
219,PftjeXxz,data/raw/videos/PftjeXxz.mp4
220,JoT31ute,data/raw/videos/JoT31ute.mp4
221,m43FWyiY,data/raw/videos/m43FWyiY.mp4
222,pxr3J4Ow,data/raw/videos/pxr3J4Ow.mp4
223,a2SHGIQT,data/raw/videos/a2SHGIQT.mp4
224,Y2Mijmxk,data/raw/videos/Y2Mijmxk.mp4
225,MKMvRw1P,data/raw/videos/MKMvRw1P.mp4
226,ku64Cwle,data/raw/videos/ku64Cwle.mp4
227,Zj2jtm25,data/raw/videos/Zj2jtm25.mp4
228,JFoDIM9T,data/raw/videos/JFoDIM9T.mp4
229,FWDyTLr2,data/raw/videos/FWDyTLr2.mp4
230,bR8vqmI1,data/raw/videos/bR8vqmI1.mp4
231,JUvMRml6,data/raw/videos/JUvMRml6.mp4
232,l230IPIW,data/raw/videos/l230IPIW.mp4
233,PcUj1dc8,data/raw/videos/PcUj1dc8.mp4
234,Awp7L46g,data/raw/videos/Awp7L46g.mp4
235,yzutrWiF,data/raw/videos/yzutrWiF.mp4
236,0B2dfO4b,data/raw/videos/0B2dfO4b.mp4
237,K7pXSGJ9,data/raw/videos/K7pXSGJ9.mp4
238,Rxka2Dfe,data/raw/videos/Rxka2Dfe.mp4
239,4Lm6PzX2,data/raw/videos/4Lm6PzX2.mp4
240,tJBmYuB7,data/raw/videos/tJBmYuB7.mp4
241,o9xCf7YI,data/raw/videos/o9xCf7YI.mp4
242,jqIKMt9a,data/raw/videos/jqIKMt9a.mp4
243,Je470A3u,data/raw/videos/Je470A3u.mp4
244,T3aA8TCd,data/raw/videos/T3aA8TCd.mp4
245,RuSZ5rNP,data/raw/videos/RuSZ5rNP.mp4
246,uQaqBtOs,data/raw/videos/uQaqBtOs.mp4
247,5msHe2ZM,data/raw/videos/5msHe2ZM.mp4
248,ucT4dryZ,data/raw/videos/ucT4dryZ.mp4
249,nGyTDr5q,data/raw/videos/nGyTDr5q.mp4
250,tFbOCnVv,data/raw/videos/tFbOCnVv.mp4
251,xvPEk4QE,data/raw/videos/xvPEk4QE.mp4
252,yQpqLCPL,data/raw/videos/yQpqLCPL.mp4
253,89hcos29,data/raw/videos/89hcos29.mp4
254,O2Kvv0GJ,data/raw/videos/O2Kvv0GJ.mp4
255,RyGoZ15h,data/raw/videos/RyGoZ15h.mp4
256,UyccVGnu,data/raw/videos/UyccVGnu.mp4
257,1wXKj1Hr,data/raw/videos/1wXKj1Hr.mp4
258,ufQZNsiU,data/raw/videos/ufQZNsiU.mp4
259,mxKQbPdW,data/raw/videos/mxKQbPdW.mp4
260,uBFpj4lx,data/raw/videos/uBFpj4lx.mp4
261,HWfZASLi,data/raw/videos/HWfZASLi.mp4
262,ekZNvuex,data/raw/videos/ekZNvuex.mp4
263,BFP7TMfA,data/raw/videos/BFP7TMfA.mp4
264,CCBwJuQg,data/raw/videos/CCBwJuQg.mp4
265,OcZnQ9aZ,data/raw/videos/OcZnQ9aZ.mp4
266,6HTqE41x,data/raw/videos/6HTqE41x.mp4
267,vJppbtm5,data/raw/videos/vJppbtm5.mp4
268,WRgBWkBO,data/raw/videos/WRgBWkBO.mp4
269,PA4bXBlr,data/raw/videos/PA4bXBlr.mp4
270,8qkEAiHL,data/raw/videos/8qkEAiHL.mp4
271,JOmsdP6A,data/raw/videos/JOmsdP6A.mp4
272,U0NC3iwE,data/raw/videos/U0NC3iwE.mp4
273,nyqYkUq8,data/raw/videos/nyqYkUq8.mp4
274,9Ex5Byum,data/raw/videos/9Ex5Byum.mp4
275,l58jyPMn,data/raw/videos/l58jyPMn.mp4
276,bb8G8L2i,data/raw/videos/bb8G8L2i.mp4
277,ebjrMM53,data/raw/videos/ebjrMM53.mp4
278,EQSaAnPk,data/raw/videos/EQSaAnPk.mp4
279,KNaNAjLP,data/raw/videos/KNaNAjLP.mp4
280,OPqAVdkO,data/raw/videos/OPqAVdkO.mp4
281,PHr2f4TQ,data/raw/videos/PHr2f4TQ.mp4
282,cIvtHO4P,data/raw/videos/cIvtHO4P.mp4
283,fihT2q9c,data/raw/videos/fihT2q9c.mp4
284,UWhrbKTC,data/raw/videos/UWhrbKTC.mp4
285,DVmTCuSO,data/raw/videos/DVmTCuSO.mp4
286,jZibdOXF,data/raw/videos/jZibdOXF.mp4
287,GITsdVy7,data/raw/videos/GITsdVy7.mp4
288,ySEYmd1c,data/raw/videos/ySEYmd1c.mp4
289,KHDHZ4c5,data/raw/videos/KHDHZ4c5.mp4
290,yMjX098h,data/raw/videos/yMjX098h.mp4
291,w2Q5bJMv,data/raw/videos/w2Q5bJMv.mp4
292,dG40RNan,data/raw/videos/dG40RNan.mp4
293,J8qdjHy8,data/raw/videos/J8qdjHy8.mp4
294,RZ584xig,data/raw/videos/RZ584xig.mp4
295,Q0xDqlUa,data/raw/videos/Q0xDqlUa.mp4
296,e13bsM5a,data/raw/videos/e13bsM5a.mp4
297,qiIHjZln,data/raw/videos/qiIHjZln.mp4
298,iIzgYYRS,data/raw/videos/iIzgYYRS.mp4
299,egXfYcVu,data/raw/videos/egXfYcVu.mp4
300,vbBOikks,data/raw/videos/vbBOikks.mp4
301,qhvy63Op,data/raw/videos/qhvy63Op.mp4
302,t86vURE5,data/raw/videos/t86vURE5.mp4
303,UDXlpEgF,data/raw/videos/UDXlpEgF.mp4
304,0nUjlcd7,data/raw/videos/0nUjlcd7.mp4
305,yLg2ggAE,data/raw/videos/yLg2ggAE.mp4
306,MD7hICzN,data/raw/videos/MD7hICzN.mp4
307,a6j4D1CL,data/raw/videos/a6j4D1CL.mp4
308,g5sxqMgO,data/raw/videos/g5sxqMgO.mp4
309,7Vgougy8,data/raw/videos/7Vgougy8.mp4
310,RFibHPt7,data/raw/videos/RFibHPt7.mp4
311,5ghmRK1h,data/raw/videos/5ghmRK1h.mp4
312,6U6mieI8,data/raw/videos/6U6mieI8.mp4
313,GjPHiGli,data/raw/videos/GjPHiGli.mp4
314,4OQQyQYB,data/raw/videos/4OQQyQYB.mp4
315,ybGzWMPA,data/raw/videos/ybGzWMPA.mp4
316,DHAxflfI,data/raw/videos/DHAxflfI.mp4
317,GwvQ3hpI,data/raw/videos/GwvQ3hpI.mp4
318,Ni69ryle,data/raw/videos/Ni69ryle.mp4
319,f0Ts7NJh,data/raw/videos/f0Ts7NJh.mp4
320,8t6W3ykG,data/raw/videos/8t6W3ykG.mp4
321,Cr8FATng,data/raw/videos/Cr8FATng.mp4
322,VN1pIYPc,data/raw/videos/VN1pIYPc.mp4
323,RzvCZXa1,data/raw/videos/RzvCZXa1.mp4
324,LAervIgm,data/raw/videos/LAervIgm.mp4
325,C5LRwSjU,data/raw/videos/C5LRwSjU.mp4
326,RJVU9j8P,data/raw/videos/RJVU9j8P.mp4
327,dmWVXiPM,data/raw/videos/dmWVXiPM.mp4
328,Ybch0Nl3,data/raw/videos/Ybch0Nl3.mp4
329,ujkGAy6u,data/raw/videos/ujkGAy6u.mp4
330,JKDP8D2e,data/raw/videos/JKDP8D2e.mp4
331,ry6fCSwK,data/raw/videos/ry6fCSwK.mp4
332,47x9mXqX,data/raw/videos/47x9mXqX.mp4
333,F2FtnWVJ,data/raw/videos/F2FtnWVJ.mp4
334,A5ya7RsN,data/raw/videos/A5ya7RsN.mp4
335,hf11lq0l,data/raw/videos/hf11lq0l.mp4
336,WiKfwQG1,data/raw/videos/WiKfwQG1.mp4
337,dHsx22mJ,data/raw/videos/dHsx22mJ.mp4
338,G0vvcncN,data/raw/videos/G0vvcncN.mp4
339,02MJoCiL,data/raw/videos/02MJoCiL.mp4
340,jDDqCwxU,data/raw/videos/jDDqCwxU.mp4
341,Sh2ZCYBZ,data/raw/videos/Sh2ZCYBZ.mp4
342,Jbr8myiV,data/raw/videos/Jbr8myiV.mp4
343,4RF13po6,data/raw/videos/4RF13po6.mp4
344,xgN0wuHW,data/raw/videos/xgN0wuHW.mp4
345,zN0O4jLu,data/raw/videos/zN0O4jLu.mp4
346,BvPM57u7,data/raw/videos/BvPM57u7.mp4
347,4WBQNF9z,data/raw/videos/4WBQNF9z.mp4
348,4RLH9WCs,data/raw/videos/4RLH9WCs.mp4
349,jtNISX4F,data/raw/videos/jtNISX4F.mp4
350,8S2DLkDz,data/raw/videos/8S2DLkDz.mp4
351,kFPZtJof,data/raw/videos/kFPZtJof.mp4
352,Aq75NMHO,data/raw/videos/Aq75NMHO.mp4
353,jasA5s93,data/raw/videos/jasA5s93.mp4
354,QJ2012XI,data/raw/videos/QJ2012XI.mp4
355,maugZAlg,data/raw/videos/maugZAlg.mp4
356,Abnitm4V,data/raw/videos/Abnitm4V.mp4
357,UmopdCFg,data/raw/videos/UmopdCFg.mp4
358,K3kAlO0U,data/raw/videos/K3kAlO0U.mp4
359,Ar8WVEB8,data/raw/videos/Ar8WVEB8.mp4
360,POQZgYEM,data/raw/videos/POQZgYEM.mp4
361,P2CZntyu,data/raw/videos/P2CZntyu.mp4
362,woyjGsIt,data/raw/videos/woyjGsIt.mp4
363,OioJ5LuN,data/raw/videos/OioJ5LuN.mp4
364,MVWT4FfX,data/raw/videos/MVWT4FfX.mp4
365,ZyF5gFL7,data/raw/videos/ZyF5gFL7.mp4
366,HA57ijek,data/raw/videos/HA57ijek.mp4
367,B0Su5xdm,data/raw/videos/B0Su5xdm.mp4
368,ovgMFqBi,data/raw/videos/ovgMFqBi.mp4
369,OelGSgE9,data/raw/videos/OelGSgE9.mp4
370,SnYQMMBW,data/raw/videos/SnYQMMBW.mp4
371,yKdKYz23,data/raw/videos/yKdKYz23.mp4
372,0Srk33xU,data/raw/videos/0Srk33xU.mp4
373,ahs2loij,data/raw/videos/ahs2loij.mp4
374,Or1k3cMJ,data/raw/videos/Or1k3cMJ.mp4
375,X5kmXm2t,data/raw/videos/X5kmXm2t.mp4
376,DckqPvXh,data/raw/videos/DckqPvXh.mp4
377,CWf3eyvo,data/raw/videos/CWf3eyvo.mp4
378,caBwjxX8,data/raw/videos/caBwjxX8.mp4
379,AnEq8Uph,data/raw/videos/AnEq8Uph.mp4
380,ZR3QAZmu,data/raw/videos/ZR3QAZmu.mp4
381,HpYl7dTS,data/raw/videos/HpYl7dTS.mp4
382,xMJoV8Kz,data/raw/videos/xMJoV8Kz.mp4
